/* Library Management System SQL project

CREATE TABLES*/

CREATE TABLE tbl_book (
		book_BookID INT PRIMARY KEY NOT NULL,
		book_Title VARCHAR(100) NOT NULL,
		book_PublisherName VARCHAR(100) NOT NULL CONSTRAINT fk_publisher_name1 FOREIGN KEY REFERENCES tbl_publisher(publisher_PublisherName) ON UPDATE CASCADE ON DELETE CASCADE
	);
    

CREATE TABLE tbl_book (
	book_BookID INT PRIMARY KEY NOT NULL,
	book_Title VARCHAR(100) NOT NULL,
	book_PublisherName VARCHAR(100) NOT NULL,
	FOREIGN KEY (book_PublisherName) REFERENCES tbl_publisher(publisher_PublisherName) ON UPDATE CASCADE ON DELETE CASCADE
);

CREATE TABLE tbl_library_branch (
		library_branch_BranchID INT PRIMARY KEY NOT NULL,
		library_branch_BranchName VARCHAR(100) NOT NULL,
		library_branch_BranchAddress VARCHAR(200) NOT NULL
	);



/*INSERT INTO TABLES*/

	INSERT INTO tbl_publisher
		(publisher_PublisherName, publisher_PublisherAddress, publisher_PublisherPhone)
		VALUES
		('DAW Books','375 Hudson Street, New York, NY 10014','212-366-2000'),
		('Viking','375 Hudson Street, New York, NY 10014','212-366-2000'),
		('Signet Books','375 Hudson Street, New York, NY 10014','212-366-2000'),
		('Chilton Books','Not Available','Not Available'),
		('George Allen & Unwin','83 Alexander Ln, Crows Nest NSW 2065, Australia','+61-2-8425-0100'),
		('Alfred A. Knopf','The Knopf Doubleday Group Domestic Rights, 1745 Broadway, New York, NY 10019','212-940-7390'),		
		('Bloomsbury','Bloomsbury Publishing Inc., 1385 Broadway, 5th Floor, New York, NY 10018','212-419-5300'),
		('Shinchosa','Oga Bldg. 8, 2-5-4 Sarugaku-cho, Chiyoda-ku, Tokyo 101-0064 Japan','+81-3-5577-6507'),
		('Harper and Row','HarperCollins Publishers, 195 Broadway, New York, NY 10007','212-207-7000'),
		('Pan Books','175 Fifth Avenue, New York, NY 10010','646-307-5745'),
		('Chalto & Windus','375 Hudson Street, New York, NY 10014','212-366-2000'),
		('Harcourt Brace Jovanovich','3 Park Ave, New York, NY 10016','212-420-5800'),
		('W.W. Norton',' W. W. Norton & Company, Inc., 500 Fifth Avenue, New York, New York 10110','212-354-5500'),
		('Scholastic','557 Broadway, New York, NY 10012','800-724-6527'),
		('Bantam','375 Hudson Street, New York, NY 10014','212-366-2000'),
		('Picador USA','175 Fifth Avenue, New York, NY 10010','646-307-5745')		
	;

INSERT INTO tbl_book
		(book_BookID, book_Title, book_PublisherName)
		VALUES 
		(1,'The Name of the Wind', 'DAW Books'),
		(2,'It', 'Viking'),
		(3,'The Green Mile', 'Signet Books'),
		(4,'Dune', 'Chilton Books'),
		(5,'The Hobbit', 'George Allen & Unwin'),
		(6,'Eragon', 'Alfred A. Knopf'),
		(7,'A Wise Mans Fear', 'DAW Books'),
		(8,'Harry Potter and the Philosophers Stone', 'Bloomsbury'),
		(9,'Hard Boiled Wonderland and The End of the World', 'Shinchosa'),
		(10,'The Giving Tree', 'Harper and Row'),
		(11,'The Hitchhikers Guide to the Galaxy', 'Pan Books'),
		(12,'Brave New World', 'Chalto & Windus'),
		(13,'The Princess Bride', 'Harcourt Brace Jovanovich'),
		(14,'Fight Club', 'W.W. Norton'),
		(15,'Holes', 'Scholastic'),    
		(16,'Harry Potter and the Chamber of Secrets', 'Bloomsbury'),
		(17,'Harry Potter and the Prisoner of Azkaban', 'Bloomsbury'),
		(18,'The Fellowship of the Ring', 'George Allen & Unwin'),
		(19,'A Game of Thrones', 'Bantam'),
		(20,'The Lost Tribe', 'Picador USA');


INSERT INTO tbl_library_branch
		(library_branch_BranchID, library_branch_BranchName, library_branch_BranchAddress)
		VALUES
		(1,'Sharpstown','32 Corner Road, New York, NY 10012'),
		(2,'Central','491 3rd Street, New York, NY 10014'),
		(3,'Saline','40 State Street, Saline, MI 48176'),
		(4,'Ann Arbor','101 South University, Ann Arbor, MI 48104');